aX,aY,aZ,gX,gY,gZ
0.540,0.364,1.404,52.124,-5.920,10.559
0.641,0.432,1.480,52.551,-11.902,10.010
0.724,0.493,1.559,51.086,-19.958,10.010
0.776,0.605,1.657,48.767,-28.748,13.245
0.831,0.779,1.761,47.058,-36.438,19.958
0.926,0.989,1.841,43.457,-40.161,25.574
1.033,1.195,1.862,37.354,-39.001,28.870
1.088,1.372,1.792,30.151,-35.767,33.875
1.046,1.475,1.657,24.231,-35.767,41.321
0.897,1.538,1.520,18.250,-43.030,45.288
0.694,1.602,1.395,8.728,-56.763,41.809
0.484,1.598,1.272,-7.385,-75.500,27.832
0.255,1.569,1.177,-27.649,-98.206,8.240
-0.018,1.562,1.101,-50.171,-120.483,-8.545
-0.413,1.509,0.998,-72.632,-136.902,-24.536
-0.934,1.376,0.834,-88.745,-146.423,-42.053
-1.391,1.100,0.602,-96.313,-149.658,-64.758
-1.795,0.793,0.401,-93.628,-152.344,-89.050
-2.208,0.468,0.229,-70.374,-143.677,-115.906
-2.442,0.092,0.073,-31.982,-131.592,-147.461
-2.576,-0.422,-0.043,16.174,-119.080,-185.303
-2.643,-1.171,-0.082,72.815,-106.079,-224.182
-2.672,-2.132,-0.031,128.113,-91.858,-261.841
-2.528,-3.183,0.055,169.678,-75.378,-299.866
-2.124,-4.000,0.275,199.707,-53.223,-327.820
-1.361,-4.000,0.718,226.196,-12.695,-329.834
-0.241,-4.000,1.190,242.676,73.425,-297.729
1.121,-4.000,1.351,240.479,206.604,-231.445
2.114,-4.000,0.840,217.102,349.670,-124.451
2.539,-4.000,0.073,170.532,438.721,9.888
2.168,-3.238,-0.739,101.501,420.471,139.465
1.231,-2.239,-1.154,29.602,301.270,232.117
0.187,-1.567,-1.030,-14.648,129.883,261.108
-0.719,-1.205,-0.455,-39.856,-38.940,234.497
-1.276,-1.110,0.186,-65.369,-159.424,180.542
-1.535,-1.230,0.681,-87.585,-217.651,128.540
-1.616,-1.428,0.924,-89.111,-211.426,96.375
-1.555,-1.682,1.000,-71.655,-156.250,86.304
-1.494,-1.823,0.950,-52.856,-81.116,98.938
-1.504,-1.805,0.719,-43.945,-8.606,122.437
-1.456,-1.687,0.450,-38.879,44.556,140.198
-1.394,-1.547,0.135,-35.950,72.571,148.376
-1.298,-1.357,-0.101,-33.325,71.594,148.865
-1.218,-1.129,-0.148,-23.071,48.706,144.958
-1.190,-0.936,-0.049,-9.949,19.897,136.230
-1.143,-0.748,0.104,-3.906,-4.089,118.835
-1.031,-0.598,0.219,-8.667,-20.447,95.459
-0.856,-0.464,0.310,-20.325,-31.921,75.317
-0.694,-0.323,0.395,-32.104,-39.673,65.308
-0.589,-0.146,0.425,-39.551,-39.551,64.758
-0.555,0.134,0.465,-36.255,-30.334,67.139
-0.489,0.411,0.479,-24.536,-14.160,63.049
-0.360,0.596,0.450,-13.184,-0.610,47.974
-0.194,0.722,0.426,-5.249,2.808,28.442
0.006,0.811,0.476,0.732,-1.038,7.385
0.183,0.893,0.578,2.014,-8.179,-11.414
0.302,0.970,0.726,-2.747,-16.724,-25.635
0.421,1.152,0.976,-8.789,-26.245,-34.363
0.483,1.340,1.157,-10.193,-25.940,-41.565
0.516,1.419,1.173,-1.770,-12.146,-49.316
0.567,1.375,1.161,20.996,5.737,-57.983
0.616,1.228,1.190,50.842,20.813,-62.683
0.686,1.004,1.276,73.059,28.259,-63.232
0.736,0.715,1.440,82.336,26.062,-59.692
0.755,0.432,1.576,76.111,19.226,-51.880
0.764,0.261,1.674,60.242,15.076,-41.138
0.748,0.156,1.637,41.748,16.296,-28.259
0.690,0.072,1.533,25.574,17.151,-14.587
0.601,0.014,1.445,14.526,11.597,-4.211
0.508,-0.059,1.371,7.141,1.953,0.671
0.438,-0.138,1.317,4.456,-6.470,2.502
0.370,-0.219,1.277,6.897,-11.780,3.601
0.301,-0.271,1.260,12.512,-12.817,4.944
0.256,-0.333,1.261,18.188,-10.742,6.592
0.222,-0.369,1.285,18.860,-9.277,10.437
0.142,-0.411,1.287,11.230,-7.935,16.602
0.083,-0.406,1.288,-0.122,-5.310,23.560
0.010,-0.372,1.255,-10.010,0.122,28.687
-0.043,-0.337,1.191,-18.555,7.263,32.349
-0.090,-0.297,1.115,-23.682,12.573,33.569
-0.114,-0.261,1.021,-26.001,14.771,30.884
-0.119,-0.242,0.943,-27.222,14.404,25.085
-0.119,-0.233,0.885,-26.489,11.475,18.188
-0.105,-0.243,0.855,-23.315,8.606,12.329
-0.079,-0.270,0.844,-18.494,7.751,8.423
-0.046,-0.294,0.860,-12.939,8.484,7.629
-0.040,-0.292,0.882,-8.728,11.108,9.155
-0.033,-0.279,0.887,-6.042,15.320,9.705
-0.020,-0.269,0.877,-5.371,19.104,8.606
-0.024,-0.251,0.862,-6.226,19.104,6.165
-0.006,-0.246,0.840,-6.348,16.174,2.014
0.004,-0.253,0.838,-4.578,12.329,-2.319
0.029,-0.272,0.849,-1.221,7.874,-5.249
0.055,-0.297,0.864,3.540,6.348,-6.531
0.091,-0.318,0.889,8.667,5.798,-5.920
0.117,-0.315,0.918,13.000,6.470,-3.784
0.130,-0.314,0.931,14.587,7.324,-1.831
0.149,-0.321,0.949,14.771,7.385,-0.671
0.155,-0.324,0.963,13.062,7.080,0.244
0.156,-0.329,0.977,9.949,5.920,0.854
0.160,-0.338,0.989,6.042,4.944,1.282
0.152,-0.340,0.996,2.258,4.578,1.831
0.134,-0.327,0.986,-0.793,4.395,2.136
0.121,-0.321,0.972,-2.991,4.272,1.709
0.120,-0.324,0.953,-3.235,3.906,0.549
0.124,-0.327,0.949,-2.441,2.930,0.000
0.114,-0.321,0.942,-1.831,1.648,0.244
0.106,-0.316,0.928,-1.465,1.709,0.366
0.106,-0.314,0.919,-0.610,2.380,0.000
0.106,-0.319,0.915,0.305,3.113,0.000
0.104,-0.324,0.913,0.793,3.601,0.977
0.100,-0.326,0.902,0.244,4.150,1.953
0.093,-0.328,0.890,-0.671,4.578,2.563
0.086,-0.329,0.878,-1.892,4.211,2.808
0.078,-0.325,0.872,-2.380,2.869,2.441
0.068,-0.321,0.869,-2.136,1.770,2.014
0.065,-0.318,0.874,-0.793,0.732,0.916
0.060,-0.320,0.886,0.488,0.183,0.305
0.059,-0.317,0.899,2.136,0.183,-0.183
0.999,0.418,1.753,29.114,-24.414,0.488
1.250,0.686,2.084,38.879,-34.119,2.991
1.484,0.965,2.378,48.279,-39.490,12.024
1.631,1.138,2.487,52.307,-36.743,27.405
1.720,1.310,2.446,49.866,-29.053,45.349
1.703,1.556,2.351,43.274,-21.362,63.354
1.605,1.830,2.207,29.541,-18.982,78.308
1.435,2.060,2.059,5.737,-28.320,82.947
1.178,2.248,1.886,-32.166,-45.898,77.698
0.805,2.375,1.675,-78.491,-65.430,65.918
0.241,2.420,1.415,-120.422,-82.947,47.852
-0.476,2.480,1.121,-150.879,-96.680,24.292
-1.307,2.434,0.784,-166.077,-106.018,-5.920
-2.207,2.223,0.454,-158.203,-111.328,-45.959
-3.044,1.786,0.038,-131.897,-108.887,-97.900
-3.735,1.052,-0.408,-94.299,-99.182,-164.246
-3.977,-0.068,-0.925,-27.161,-63.904,-247.009
-3.923,-1.701,-1.407,65.491,-43.518,-336.609
-3.539,-3.692,-1.556,157.410,-38.086,-405.518
-3.147,-4.000,-1.399,233.154,-37.109,-429.443
-2.616,-4.000,-0.818,288.086,-26.184,-407.837
-1.404,-4.000,0.302,328.857,8.118,-368.408
0.346,-4.000,1.229,325.439,85.266,-292.847
1.948,-4.000,1.105,254.822,198.242,-175.781
2.663,-4.000,0.211,155.090,297.852,-15.015
2.048,-4.000,-0.840,64.209,324.768,170.959
0.389,-3.446,-1.536,-15.320,241.638,316.895
-1.151,-2.480,-1.613,-70.801,80.322,349.426
-1.966,-2.109,-1.048,-104.736,-88.623,281.555
-2.323,-1.998,-0.503,-133.667,-200.928,201.965
-2.515,-1.843,-0.121,-150.208,-230.652,162.415
-2.511,-1.789,0.070,-130.249,-189.575,150.940
-2.347,-1.748,0.103,-93.079,-118.225,155.090
-2.213,-1.507,0.012,-64.026,-55.420,175.415
-2.162,-1.057,-0.161,-47.913,-16.418,192.871
-2.009,-0.595,-0.259,-36.133,-2.258,184.387
-1.706,-0.185,-0.243,-26.855,-8.545,152.039
-1.321,0.209,-0.145,-26.428,-27.161,112.793
-0.918,0.584,0.046,-26.489,-44.983,75.195
-0.545,0.887,0.271,-18.250,-54.016,43.945
-0.243,1.044,0.537,-4.150,-56.274,21.240
-0.068,1.179,0.873,13.123,-51.636,9.094
0.084,1.454,1.209,27.039,-37.598,3.113
0.276,1.712,1.483,34.912,-14.893,-2.380
0.482,1.783,1.625,45.166,13.794,-7.019
0.675,1.629,1.591,62.378,46.692,-7.324
0.769,1.352,1.498,75.195,73.303,-1.343
0.740,1.164,1.412,76.660,84.473,6.897
0.646,1.053,1.348,66.406,80.627,8.179
0.614,0.916,1.362,56.091,64.575,-1.221
0.602,0.690,1.491,49.988,44.678,-14.587
0.580,0.429,1.620,44.678,31.860,-21.973
0.592,0.186,1.697,38.208,30.273,-21.545
0.589,0.016,1.680,26.855,35.583,-15.259
0.562,-0.119,1.548,13.916,40.649,-6.958
0.538,-0.251,1.387,4.700,41.748,-2.075
0.531,-0.367,1.245,-0.488,36.560,-1.282
0.531,-0.469,1.170,-4.150,26.306,-2.197
0.542,-0.524,1.186,-4.517,15.808,-3.113
0.525,-0.554,1.195,-4.700,10.559,-3.296
0.542,-0.552,1.186,-5.554,8.606,-2.869
0.532,-0.540,1.158,-7.568,7.385,-1.526
0.480,-0.534,1.135,-10.315,5.310,1.587
0.417,-0.539,1.120,-13.428,1.648,2.930
0.345,-0.532,1.114,-18.982,-2.258,4.883
0.276,-0.507,1.096,-24.963,-4.944,8.667
0.216,-0.464,1.085,-28.564,-5.676,13.245
0.165,-0.405,1.075,-30.884,-4.944,17.456
0.132,-0.337,1.047,-32.898,-3.113,19.531
0.120,-0.294,1.007,-32.898,-1.099,19.287
0.120,-0.271,0.975,-30.273,0.366,18.127
0.108,-0.242,0.943,-26.184,1.770,17.273
0.093,-0.229,0.920,-21.545,4.028,16.052
0.086,-0.226,0.899,-18.311,5.066,13.550
0.094,-0.241,0.883,-17.090,4.700,10.254
0.109,-0.261,0.883,-16.541,2.991,7.507
0.130,-0.282,0.882,-17.090,1.587,6.775
0.137,-0.286,0.892,-17.212,1.282,8.423
0.138,-0.290,0.885,-15.930,2.808,11.353
0.136,-0.289,0.878,-14.038,4.456,13.672
0.123,-0.287,0.876,-13.611,4.700,14.771
0.119,-0.292,0.872,-13.428,3.418,13.733
0.117,-0.289,0.872,-11.841,1.709,11.719
0.110,-0.284,0.879,-8.850,1.099,10.071
0.107,-0.282,0.889,-4.517,2.319,9.216
0.114,-0.287,0.892,-0.244,4.822,8.972
0.115,-0.286,0.889,2.380,6.531,8.728
0.123,-0.282,0.880,2.686,7.324,7.690
0.140,-0.298,0.879,2.380,7.324,6.226
0.156,-0.317,0.897,0.977,6.348,5.798
0.155,-0.324,0.902,-1.587,6.470,6.531
0.161,-0.327,0.887,-4.150,6.958,6.470
0.167,-0.335,0.872,-5.737,6.226,5.493
0.163,-0.332,0.865,-6.287,4.089,4.822
0.160,-0.335,0.857,-6.226,1.709,3.296
0.165,-0.352,0.855,-5.493,-0.488,1.404
0.180,-0.377,0.853,-4.700,-1.831,0.244
0.189,-0.386,0.859,-4.333,-2.380,0.000
0.193,-0.382,0.850,-4.272,-2.075,0.366
0.196,-0.366,0.846,-4.944,-2.014,0.549
0.195,-0.357,0.860,-5.310,-3.235,0.610
0.182,-0.357,0.882,-5.005,-3.540,0.793
0.169,-0.357,0.887,-4.395,-2.014,1.892
0.157,-0.349,0.884,-3.113,0.610,3.662
0.141,-0.338,0.888,-1.099,1.770,4.883
0.126,-0.331,0.890,-0.061,1.709,5.005
0.128,-0.338,0.895,0.549,1.770,4.089
0.128,-0.333,0.900,1.160,1.953,3.601
0.126,-0.328,0.900,1.770,2.136,3.601
0.126,-0.319,0.899,2.808,2.380,3.113
0.128,-0.316,0.898,3.906,2.686,2.686
0.122,-0.312,0.903,4.517,2.136,2.197
0.113,-0.308,0.906,4.700,1.587,1.099
0.112,-0.310,0.907,4.211,0.854,-0.671
0.115,-0.317,0.911,3.784,0.122,-2.136
0.118,-0.328,0.915,3.662,-0.427,-2.869
0.120,-0.334,0.911,3.845,0.305,-2.625
0.118,-0.331,0.895,4.028,1.465,-2.075
0.127,-0.330,0.886,4.211,1.892,-1.953
0.818,0.482,1.297,61.707,-7.202,8.118
1.061,0.633,1.506,73.608,-15.564,6.042
1.315,0.745,1.720,84.595,-25.085,3.296
1.592,0.813,1.965,95.093,-36.011,0.488
1.893,0.846,2.210,104.126,-47.119,-0.549
2.122,0.855,2.419,108.704,-55.969,4.944
2.293,0.897,2.555,108.276,-59.692,21.179
2.387,0.995,2.609,103.455,-54.016,45.776
2.329,1.119,2.545,88.074,-42.786,77.332
2.099,1.387,2.460,57.495,-38.574,110.718
1.699,1.729,2.413,14.954,-44.800,137.024
1.161,2.059,2.333,-42.725,-56.580,150.208
0.447,2.281,2.120,-119.690,-69.458,147.888
-0.503,2.453,1.688,-201.782,-85.083,127.380
-1.639,2.663,1.112,-264.771,-101.379,85.999
-2.830,2.586,0.393,-285.461,-114.624,16.541
-3.929,2.156,-0.343,-252.014,-131.592,-84.961
-4.000,1.116,-1.051,-171.387,-157.166,-213.623
-4.000,-0.869,-1.518,-44.373,-148.499,-349.426
-4.000,-3.073,-1.665,110.596,-110.779,-444.702
-3.693,-4.000,-1.522,264.343,-27.466,-464.722
-3.249,-4.000,-1.195,368.835,68.542,-402.100
-2.347,-4.000,-0.259,401.306,131.958,-341.675
-0.867,-4.000,0.592,327.026,148.621,-314.880
0.752,-4.000,0.681,173.157,133.850,-264.221
1.857,-4.000,0.318,70.007,141.968,-143.250
1.535,-4.000,-0.333,21.545,199.951,63.660
0.064,-4.000,-1.203,-22.400,238.770,283.752
-1.327,-2.762,-1.688,-55.786,185.852,388.794
-2.014,-2.039,-1.447,-75.684,53.162,348.755
-2.162,-1.776,-0.895,-97.229,-88.379,257.507
-2.228,-1.626,-0.422,-124.023,-173.157,199.219
-2.173,-1.467,-0.137,-131.836,-181.030,183.594
-2.040,-1.260,0.032,-108.154,-132.629,184.265
-1.876,-0.943,0.065,-73.975,-73.364,192.078
-1.683,-0.553,0.004,-47.607,-26.245,193.604
-1.445,-0.183,-0.052,-33.203,-4.822,178.223
-1.156,0.114,-0.044,-27.649,-8.789,147.888
-0.878,0.393,0.059,-28.381,-27.649,111.938
-0.609,0.663,0.222,-29.480,-46.570,78.613
-0.349,0.817,0.400,-24.353,-53.711,50.537
-0.152,0.873,0.603,-12.634,-51.147,34.607
-0.009,0.891,0.751,2.563,-37.537,29.419
0.082,0.915,0.841,18.250,-15.320,29.663
0.200,0.948,0.965,34.119,4.700,28.076
0.345,1.073,1.116,42.542,17.456,21.179
0.557,1.146,1.252,42.542,25.085,7.996
0.707,1.104,1.340,37.903,27.405,-4.150
0.734,0.955,1.371,33.325,26.367,-9.338
0.693,0.777,1.438,30.884,25.574,-9.644
0.603,0.627,1.507,27.954,25.269,-8.301
0.528,0.496,1.552,22.461,25.574,-8.972
0.482,0.373,1.575,17.578,26.306,-12.085
0.461,0.259,1.579,13.184,27.344,-14.282
0.456,0.188,1.567,11.719,29.175,-15.564
0.474,0.123,1.518,14.465,34.119,-16.418
0.503,0.057,1.440,17.029,39.734,-16.968
0.534,0.035,1.351,17.517,42.053,-16.541
0.566,0.011,1.258,15.381,39.124,-16.296
0.597,-0.072,1.185,11.841,32.471,-15.869
0.584,-0.178,1.157,7.385,23.743,-13.000
0.542,-0.247,1.156,1.221,15.808,-7.996
0.502,-0.277,1.137,-6.653,9.033,-3.967
0.483,-0.285,1.083,-15.076,4.639,-2.686
0.407,-0.280,1.097,-19.348,-0.427,-5.676
0.371,-0.286,1.097,-22.583,-9.583,-7.080
0.344,-0.295,1.096,-22.156,-9.949,-7.019
0.328,-0.315,1.102,-17.395,-7.935,-4.944
0.302,-0.338,1.102,-9.583,-3.174,-0.488
0.303,-0.391,1.091,-3.662,2.869,4.517
0.303,-0.421,1.082,-2.075,6.836,10.437
0.282,-0.433,1.063,-4.761,7.935,15.564
0.274,-0.442,1.034,-10.132,7.507,18.433
0.275,-0.426,0.991,-15.869,6.775,19.958
0.280,-0.406,0.947,-20.691,4.517,20.447
0.288,-0.385,0.919,-24.048,0.671,20.630
0.264,-0.351,0.902,-26.855,-3.662,21.973
0.218,-0.308,0.890,-28.748,-7.690,23.254
0.172,-0.278,0.879,-28.687,-10.071,22.949
0.135,-0.265,0.867,-26.367,-10.437,21.729
0.115,-0.258,0.863,-22.034,-9.705,20.386
0.106,-0.257,0.868,-16.663,-8.789,19.226
0.092,-0.236,0.877,-13.123,-7.446,18.616
0.086,-0.211,0.873,-10.559,-5.737,17.517
0.103,-0.206,0.865,-8.484,-3.479,15.808
0.113,-0.209,0.865,-6.165,-1.770,14.893
0.119,-0.212,0.852,-2.808,1.404,15.259
0.117,-0.204,0.854,0.549,4.822,15.564
0.117,-0.202,0.842,2.930,6.470,14.832
0.121,-0.201,0.829,4.333,6.592,12.024
0.123,-0.206,0.830,5.066,4.028,8.057
0.132,-0.227,0.835,4.700,0.183,3.906
0.156,-0.254,0.847,3.723,-3.235,0.122
0.170,-0.277,0.854,3.052,-5.249,-1.709
0.179,-0.303,0.861,2.563,-5.981,-1.892
0.199,-0.335,0.873,2.380,-5.737,-1.831
0.211,-0.351,0.895,2.563,-4.456,-0.732
0.210,-0.362,0.914,3.357,-2.441,1.587
0.203,-0.373,0.935,4.028,-0.061,3.845
0.196,-0.369,0.945,4.211,1.892,4.883
0.192,-0.368,0.946,3.662,3.662,4.883
0.186,-0.374,0.942,2.380,4.028,3.967
0.184,-0.369,0.938,0.122,3.418,2.258
0.176,-0.357,0.924,-2.930,2.197,0.427
0.171,-0.351,0.910,-5.005,1.160,-1.221
0.173,-0.350,0.900,-5.798,0.183,-2.441
0.175,-0.354,0.900,-5.310,-0.427,-2.197
0.168,-0.351,0.901,-3.967,0.061,-0.244
0.162,-0.346,0.905,-2.075,1.404,1.831
0.160,-0.341,0.910,0.488,3.357,3.906
0.156,-0.334,0.911,2.930,6.042,5.310
0.160,-0.331,0.909,3.845,7.690,5.310
0.159,-0.330,0.905,2.258,6.531,3.845
0.156,-0.330,0.903,-0.549,4.395,1.465
0.158,-0.333,0.904,-2.197,2.197,-0.549
0.160,-0.341,0.911,-3.235,0.671,-1.526
0.160,-0.351,0.912,-3.540,-0.549,-1.831
0.159,-0.351,0.912,-3.235,-0.793,-1.831
0.159,-0.349,0.909,-1.526,-0.366,-1.160
0.933,0.383,1.565,39.124,14.099,22.644
1.141,0.562,1.695,39.246,7.629,21.240
1.337,0.697,1.814,39.124,0.305,20.325
1.522,0.834,1.935,38.269,-8.545,20.630
1.713,1.028,2.052,36.804,-16.785,25.330
1.909,1.319,2.092,34.424,-17.578,37.720
2.066,1.613,1.983,30.457,-10.681,59.448
2.113,1.836,1.730,24.475,-3.418,86.548
2.028,2.046,1.417,17.029,-2.319,112.732
1.809,2.240,1.142,4.089,-14.160,131.042
1.443,2.436,0.943,-18.127,-41.565,138.611
0.925,2.578,0.843,-43.579,-81.116,130.737
0.271,2.646,0.807,-67.078,-124.451,104.309
-0.479,2.563,0.844,-85.754,-162.903,61.401
-1.286,2.340,0.910,-90.759,-185.730,6.592
-2.028,1.936,0.927,-80.933,-181.702,-57.617
-2.657,1.272,0.803,-62.561,-152.710,-123.962
-3.151,0.479,0.565,-44.006,-113.953,-180.969
-3.489,-0.513,0.062,-27.466,-72.815,-224.304
-3.659,-1.546,-0.410,1.831,-26.855,-262.817
-3.583,-2.801,-0.708,48.096,-3.357,-304.260
-3.515,-4.000,-0.787,97.961,-1.770,-340.393
-3.251,-4.000,-0.542,141.052,-13.306,-369.568
-2.450,-4.000,0.054,169.861,-13.855,-391.296
-1.063,-4.000,0.650,182.922,24.658,-367.065
0.369,-4.000,0.795,179.504,115.540,-271.790
1.441,-4.000,0.453,170.044,227.844,-123.047
1.682,-4.000,-0.155,149.109,307.983,53.894
0.971,-4.000,-0.889,95.459,306.946,217.896
-0.235,-3.212,-1.292,14.099,203.308,308.289
-1.190,-2.512,-1.132,-61.890,36.621,307.129
-1.755,-2.129,-0.682,-113.403,-113.647,260.315
-2.050,-1.855,-0.288,-136.841,-190.796,220.642
-2.226,-1.592,-0.058,-130.188,-188.293,204.468
-2.205,-1.374,0.049,-96.680,-139.648,201.538
-2.068,-1.169,0.102,-54.077,-84.900,200.562
-1.887,-0.919,0.089,-21.423,-44.067,196.777
-1.650,-0.675,0.048,-5.737,-23.315,182.617
-1.404,-0.428,0.059,-3.479,-25.269,159.790
-1.179,-0.178,0.134,-7.385,-40.466,133.118
-0.935,0.089,0.267,-11.780,-54.871,105.774
-0.659,0.368,0.424,-11.536,-57.312,81.787
-0.462,0.684,0.558,-5.981,-46.936,64.758
-0.268,1.004,0.672,4.028,-29.175,48.950
-0.021,1.253,0.760,17.273,-13.733,28.931
0.226,1.367,0.887,32.532,-5.066,8.301
0.424,1.436,1.103,49.194,-0.244,-5.005
0.591,1.480,1.357,62.317,7.751,-11.047
0.640,1.424,1.510,65.552,21.362,-12.878
0.621,1.317,1.564,62.927,35.461,-12.024
0.603,1.179,1.521,57.922,48.279,-13.428
0.570,1.049,1.500,52.307,53.894,-17.578
0.532,0.934,1.505,47.729,49.072,-23.621
0.539,0.787,1.507,43.762,40.649,-32.837
0.545,0.581,1.547,41.382,31.189,-40.283
0.567,0.330,1.622,41.626,24.170,-42.053
0.610,0.104,1.695,41.321,22.766,-38.147
0.624,-0.058,1.715,36.926,25.818,-29.358
0.640,-0.178,1.690,28.748,28.503,-21.240
0.670,-0.304,1.601,17.456,26.855,-16.602
0.613,-0.397,1.484,4.089,19.409,-15.564
0.573,-0.459,1.498,-9.766,7.080,-17.700
0.481,-0.553,1.371,-22.156,-8.850,-16.418
0.452,-0.576,1.295,-28.809,-5.615,-17.334
0.432,-0.599,1.211,-32.410,-5.615,-12.451
0.408,-0.614,1.128,-28.748,-2.197,-8.484
0.400,-0.597,1.071,-25.269,1.038,-4.272
0.385,-0.568,1.018,-25.146,1.099,-0.488
0.357,-0.539,0.962,-27.588,-1.587,2.930
0.318,-0.502,0.906,-30.640,-3.723,6.226
0.269,-0.471,0.869,-32.227,-5.127,9.338
0.211,-0.432,0.847,-31.677,-4.517,13.184
0.157,-0.386,0.828,-29.236,-2.258,16.174
0.118,-0.347,0.813,-25.269,0.183,16.663
0.100,-0.332,0.807,-20.569,1.404,15.198
0.098,-0.333,0.817,-17.090,0.732,13.000
0.103,-0.340,0.832,-15.991,-0.916,10.681
0.110,-0.342,0.841,-16.602,-2.258,9.827
0.115,-0.325,0.843,-17.456,-2.136,10.498
0.104,-0.291,0.834,-17.761,-1.343,12.390
0.085,-0.255,0.816,-17.029,-0.061,13.794
0.079,-0.228,0.804,-14.282,0.793,13.794
0.076,-0.208,0.796,-10.620,1.526,12.939
0.075,-0.198,0.791,-5.920,2.258,11.230
0.085,-0.202,0.791,-0.793,2.197,9.583
0.092,-0.210,0.800,3.845,2.319,8.606
0.094,-0.221,0.818,7.629,2.625,7.935
0.108,-0.243,0.836,9.888,2.075,6.653
0.125,-0.274,0.867,10.315,0.854,4.944
0.136,-0.296,0.892,9.277,-1.221,3.479
0.145,-0.311,0.905,6.836,-3.052,1.953
0.156,-0.325,0.920,4.944,-4.639,0.549
0.158,-0.339,0.940,4.211,-5.798,0.244
0.150,-0.341,0.953,3.601,-5.981,0.427
0.140,-0.331,0.966,3.418,-5.493,0.549
0.122,-0.322,0.968,3.967,-4.639,0.427
0.120,-0.337,0.970,4.700,-3.296,-0.671
0.131,-0.359,0.973,5.066,-2.075,-1.831
0.135,-0.371,0.967,4.028,-1.343,-2.319
0.139,-0.379,0.950,1.587,-0.977,-2.563
0.154,-0.397,0.934,-1.282,-0.977,-2.991
0.163,-0.404,0.924,-3.540,-1.282,-2.441
0.161,-0.403,0.912,-5.127,-0.916,-0.916
0.155,-0.389,0.901,-5.676,0.427,0.793
0.149,-0.382,0.890,-4.822,1.526,1.831
0.144,-0.369,0.882,-3.723,2.075,2.136
0.135,-0.358,0.873,-2.136,1.953,1.953
0.128,-0.359,0.877,0.061,0.916,1.343
0.127,-0.371,0.893,2.014,0.366,0.488
0.124,-0.380,0.907,2.991,0.732,0.549
0.121,-0.383,0.909,3.357,2.075,1.038
0.125,-0.374,0.906,3.784,3.784,1.770
0.117,-0.362,0.899,3.967,5.493,3.052
0.114,-0.351,0.891,3.967,6.287,3.784
0.110,-0.345,0.876,3.479,6.165,3.296
0.111,-0.343,0.868,2.563,5.615,2.502
0.115,-0.338,0.864,1.099,4.089,0.977
0.127,-0.344,0.853,-0.549,1.892,-0.793
0.143,-0.347,0.848,-1.099,-0.732,-2.014
0.807,0.255,1.630,34.180,-30.396,0.305
0.997,0.433,1.895,40.405,-39.551,-0.244
1.204,0.624,2.169,46.021,-48.950,-0.732
1.424,0.859,2.423,51.270,-54.443,1.587
1.636,1.065,2.603,56.763,-52.490,9.216
1.790,1.209,2.630,58.411,-40.649,25.208
1.865,1.333,2.476,53.711,-21.057,46.631
1.860,1.496,2.243,42.175,-2.686,68.909
1.748,1.725,2.028,20.264,2.991,88.928
1.517,1.992,1.859,-12.390,-7.507,104.675
1.094,2.226,1.667,-57.617,-25.757,116.394
0.496,2.490,1.389,-112.549,-43.640,120.911
-0.231,2.743,1.024,-166.748,-62.744,109.558
-1.026,2.877,0.546,-207.703,-85.327,76.294
-1.866,2.907,-0.006,-220.154,-110.657,20.020
-2.654,2.509,-0.548,-190.063,-138.550,-66.223
-3.393,1.425,-0.772,-117.310,-171.936,-174.011
-3.519,-0.415,-0.899,-17.029,-179.199,-267.822
-3.614,-2.455,-0.778,90.942,-170.898,-325.195
-3.359,-3.999,-0.597,177.368,-121.704,-340.820
-3.030,-4.000,-0.361,232.178,-47.302,-339.661
-2.682,-4.000,0.114,243.286,-5.005,-335.693
-1.642,-4.000,1.064,236.084,-2.136,-346.313
-0.007,-4.000,1.856,199.219,34.119,-321.594
1.536,-4.000,1.333,128.113,173.889,-203.979
2.217,-4.000,0.060,81.665,355.774,-12.085
1.764,-4.000,-1.373,64.148,454.346,202.087
0.580,-3.003,-2.193,33.997,387.878,350.281
-0.613,-2.185,-2.164,-8.362,181.030,367.004
-1.438,-1.960,-1.417,-43.457,-54.016,297.485
-1.990,-1.859,-0.614,-82.825,-215.759,227.295
-2.287,-1.733,-0.030,-108.643,-268.127,192.383
-2.286,-1.703,0.292,-97.412,-229.797,178.040
-2.245,-1.578,0.339,-69.885,-152.405,181.458
-2.159,-1.293,0.246,-46.082,-81.909,193.970
-2.026,-0.960,0.134,-32.898,-40.283,195.251
-1.851,-0.650,0.070,-27.588,-28.992,179.504
-1.655,-0.430,0.108,-24.536,-39.307,150.757
-1.445,-0.250,0.229,-21.057,-55.420,118.530
-1.189,-0.031,0.408,-16.113,-63.477,90.088
-0.932,0.244,0.558,-9.460,-59.753,68.115
-0.648,0.551,0.748,0.793,-46.509,51.086
-0.381,0.796,0.922,11.169,-25.757,37.109
-0.138,0.927,1.038,19.531,-2.686,27.832
0.006,0.986,1.078,27.649,19.592,23.682
0.069,0.987,1.073,33.203,40.039,20.813
0.159,1.004,1.103,36.011,53.345,13.794
0.343,1.076,1.189,36.072,57.434,0.549
0.511,1.073,1.276,31.250,51.819,-14.648
0.607,1.073,1.387,25.024,38.757,-24.048
0.656,1.082,1.575,24.170,27.649,-25.818
0.660,1.027,1.715,28.503,29.297,-23.315
0.594,0.946,1.779,32.715,41.321,-16.541
0.519,0.839,1.766,33.936,54.749,-10.254
0.489,0.709,1.688,29.602,63.293,-10.559
0.496,0.572,1.572,21.667,63.782,-15.991
0.539,0.411,1.462,12.268,56.580,-23.682
0.594,0.242,1.359,5.066,42.053,-30.151
0.617,0.064,1.304,3.296,24.597,-32.532
0.625,-0.078,1.302,5.432,11.047,-29.602
0.597,-0.190,1.279,6.042,2.563,-21.484
0.550,-0.285,1.246,3.357,-3.662,-9.705
0.442,-0.330,1.217,-1.343,-11.475,1.648
0.290,-0.341,1.190,-8.667,-20.020,8.789
0.238,-0.361,1.174,-15.381,-23.010,10.071
0.160,-0.382,1.156,-20.020,-31.372,5.798
0.135,-0.397,1.129,-23.682,-32.532,0.854
0.120,-0.419,1.087,-25.635,-31.250,-2.441
0.112,-0.422,1.062,-23.865,-29.175,-3.601
0.105,-0.424,1.040,-20.813,-24.536,-2.625
0.112,-0.438,1.010,-18.616,-17.517,-0.366
0.107,-0.437,0.983,-17.029,-9.216,3.723
0.083,-0.416,0.936,-16.846,-0.610,9.094
0.046,-0.381,0.882,-17.639,7.507,13.489
0.031,-0.353,0.825,-18.494,13.000,14.893
0.028,-0.323,0.773,-20.020,14.465,13.794
0.030,-0.294,0.732,-20.874,12.329,11.292
0.044,-0.265,0.717,-19.653,7.874,7.629
0.063,-0.239,0.720,-16.418,4.211,3.845
0.076,-0.220,0.733,-11.902,2.075,1.282
0.080,-0.214,0.749,-6.836,2.014,0.244
0.097,-0.242,0.773,-1.770,3.479,0.549
0.093,-0.258,0.813,2.441,4.822,2.930
0.080,-0.263,0.843,5.554,6.775,5.676
0.080,-0.264,0.862,7.141,8.972,6.958
0.078,-0.269,0.878,7.751,10.010,6.897
0.077,-0.274,0.894,7.751,9.033,6.042
0.073,-0.271,0.909,6.836,6.714,3.967
0.066,-0.266,0.923,6.042,4.211,1.526
0.062,-0.265,0.935,6.287,2.380,-0.854
0.061,-0.271,0.947,6.897,1.465,-3.113
0.071,-0.277,0.965,7.202,0.793,-5.005
0.085,-0.299,0.994,6.958,0.671,-5.920
0.098,-0.318,1.007,5.676,1.648,-5.005
0.102,-0.325,1.000,3.784,3.967,-2.686
0.104,-0.322,0.981,1.892,5.981,-1.038
0.110,-0.317,0.954,0.244,7.263,-0.732
0.111,-0.310,0.929,-0.793,7.446,-0.793
0.108,-0.303,0.907,-0.732,6.775,-1.587
0.106,-0.307,0.898,1.038,6.165,-3.052
0.111,-0.322,0.896,3.845,6.104,-4.578
0.116,-0.334,0.898,6.653,6.775,-5.371
0.128,-0.352,0.902,9.521,8.240,-5.249
0.150,-0.372,0.907,10.925,9.460,-4.150
0.168,-0.383,0.916,9.888,10.559,-1.831
0.159,-0.373,0.913,6.714,10.742,1.099
0.152,-0.358,0.905,3.540,10.193,2.441
0.150,-0.349,0.902,1.038,8.057,1.831
0.151,-0.345,0.908,-0.671,5.310,0.732
0.141,-0.334,0.910,-1.404,2.136,-0.122
0.143,-0.336,0.916,-0.854,0.549,-0.671
0.133,-0.342,0.923,1.526,0.183,-1.770
0.140,-0.358,0.925,2.930,0.000,-2.197
0.141,-0.375,0.938,2.625,-0.671,-1.770
0.144,-0.384,0.947,1.953,-0.671,-0.671
0.135,-0.376,0.943,0.977,0.427,0.916
0.125,-0.360,0.936,0.183,1.221,2.563
0.117,-0.348,0.924,-0.244,1.221,2.808
0.115,-0.336,0.916,0.427,0.732,2.014
0.728,0.197,1.421,37.415,-6.165,8.545
0.898,0.292,1.541,36.621,-10.986,9.033
1.063,0.412,1.669,35.217,-16.479,11.841
1.220,0.600,1.802,34.729,-20.386,18.860
1.380,0.856,1.916,35.095,-21.606,29.968
1.537,1.114,1.966,35.034,-19.470,43.091
1.622,1.351,1.926,33.630,-16.541,58.655
1.618,1.616,1.803,29.236,-16.785,80.200
1.464,1.973,1.760,19.775,-20.569,102.844
1.200,2.333,1.686,6.470,-26.184,122.986
0.763,2.627,1.597,-12.573,-37.598,136.597
0.155,2.871,1.495,-38.940,-53.284,131.226
-0.476,3.030,1.375,-64.941,-70.007,93.872
-1.105,3.010,1.210,-87.158,-88.440,29.175
-1.747,2.733,1.006,-99.548,-105.774,-43.030
-2.399,2.094,0.748,-93.384,-116.028,-114.441
-2.941,1.060,0.417,-65.979,-112.244,-180.237
-3.381,-0.239,0.101,-34.119,-92.224,-233.765
-3.498,-1.595,-0.418,-1.587,-43.762,-271.301
-3.682,-2.885,-0.951,43.640,-6.775,-301.453
-3.494,-4.000,-1.344,96.313,9.033,-339.111
-3.156,-4.000,-1.438,146.667,1.038,-388.123
-2.654,-4.000,-0.763,198.120,-38.757,-427.551
-1.387,-4.000,0.624,249.512,-61.707,-433.289
0.429,-4.000,1.695,253.967,1.526,-366.455
2.126,-4.000,1.571,208.862,152.100,-231.506
2.717,-4.000,0.704,145.081,308.594,-32.166
2.043,-4.000,-0.545,83.191,380.920,195.251
0.521,-3.058,-1.391,8.545,308.533,359.375
-0.806,-2.219,-1.450,-65.857,107.971,378.723
-1.595,-2.006,-0.799,-120.667,-121.582,294.312
-1.954,-1.898,-0.219,-172.363,-265.747,210.937
-2.182,-1.659,0.080,-199.524,-289.368,179.810
-2.285,-1.391,0.184,-173.035,-226.929,183.228
-2.226,-1.230,0.230,-116.089,-133.606,195.557
-2.125,-1.034,0.197,-62.622,-53.589,207.764
-1.994,-0.800,0.093,-30.518,-4.578,210.510
-1.794,-0.562,0.016,-18.860,12.329,194.275
-1.524,-0.390,0.016,-19.043,5.005,162.964
-1.276,-0.237,0.083,-27.344,-13.489,130.493
-1.079,-0.020,0.231,-36.072,-31.250,105.774
-0.904,0.257,0.388,-40.222,-38.818,85.022
-0.709,0.508,0.514,-40.100,-34.851,65.186
-0.534,0.658,0.610,-33.142,-24.658,46.936
-0.391,0.757,0.726,-20.996,-13.611,32.959
-0.238,0.856,0.838,-8.728,-2.014,22.339
-0.073,0.957,0.943,-0.549,12.817,12.939
0.113,1.079,1.012,4.639,25.391,3.662
0.343,1.129,1.066,7.690,36.804,-7.263
0.518,1.040,1.083,8.240,44.067,-16.357
0.588,0.904,1.089,4.639,43.335,-19.165
0.551,0.839,1.084,-1.526,39.063,-18.616
0.528,0.835,1.078,-5.005,35.583,-22.400
0.549,0.781,1.126,-2.136,31.372,-32.410
0.583,0.679,1.236,5.798,26.367,-42.297
0.633,0.609,1.366,13.794,24.414,-46.631
0.683,0.504,1.445,16.663,26.611,-46.936
0.693,0.366,1.486,14.160,28.809,-44.861
0.702,0.248,1.487,7.629,29.846,-41.077
0.709,0.101,1.436,-2.869,28.809,-36.133
0.707,0.012,1.379,-13.367,24.231,-29.053
0.643,-0.013,1.311,-20.569,15.930,-20.630
0.568,-0.012,1.285,-22.644,6.348,-13.794
0.495,-0.021,1.270,-20.813,-0.793,-9.827
0.442,-0.050,1.261,-17.639,-4.089,-7.690
0.415,-0.063,1.233,-13.672,-4.578,-4.822
0.368,-0.070,1.176,-9.338,-3.357,-2.502
0.321,-0.076,1.133,-6.775,-4.517,-2.502
0.275,-0.124,1.107,-6.775,-8.545,-3.540
0.271,-0.207,1.117,-7.874,-12.390,-5.249
0.248,-0.278,1.131,-11.169,-13.855,-2.747
0.208,-0.306,1.128,-15.747,-12.817,3.296
0.165,-0.300,1.102,-19.287,-9.460,10.254
0.129,-0.279,1.057,-21.851,-4.944,14.587
0.113,-0.250,0.998,-23.499,-1.831,16.296
0.108,-0.230,0.945,-24.353,-2.258,15.869
0.090,-0.220,0.914,-23.071,-4.944,14.465
0.070,-0.211,0.896,-19.897,-6.531,13.000
0.073,-0.220,0.880,-15.930,-6.165,11.658
0.067,-0.221,0.869,-11.963,-4.089,12.207
0.052,-0.216,0.846,-8.972,-1.221,13.306
0.048,-0.201,0.822,-7.629,1.343,13.733
0.042,-0.189,0.808,-6.775,2.563,14.160
0.037,-0.176,0.795,-5.981,2.808,14.221
0.037,-0.166,0.781,-4.272,3.784,13.611
0.044,-0.164,0.787,-1.526,3.601,12.329
0.052,-0.165,0.800,0.549,2.075,10.559
0.052,-0.170,0.818,2.563,0.122,7.751
0.050,-0.181,0.837,3.845,-2.258,5.188
0.064,-0.202,0.865,6.348,-2.014,2.197
0.079,-0.224,0.899,9.155,-1.282,0.732
0.074,-0.244,0.935,11.047,-0.305,1.282
0.075,-0.262,0.968,11.414,0.610,2.197
0.067,-0.273,0.997,9.949,1.160,3.601
0.061,-0.274,1.005,7.751,1.526,4.211
0.047,-0.262,1.008,4.822,1.526,4.517
0.040,-0.259,1.001,1.892,1.038,3.662
0.042,-0.262,0.991,-0.244,0.000,1.343
0.050,-0.261,0.974,-1.709,-1.404,-0.732
0.056,-0.258,0.957,-1.892,-2.014,-2.075
0.070,-0.261,0.937,-0.122,-1.648,-3.296
0.077,-0.268,0.921,2.502,0.122,-3.906
0.092,-0.292,0.911,6.348,2.502,-4.211
0.116,-0.341,0.916,10.132,4.761,-3.357
0.132,-0.368,0.936,11.108,6.653,-0.854
0.112,-0.360,0.937,8.484,7.629,2.441
0.102,-0.341,0.922,4.517,8.423,3.845
0.097,-0.317,0.911,1.038,8.118,3.723
0.090,-0.307,0.904,0.122,6.409,2.380
0.090,-0.296,0.905,0.427,4.883,1.099
0.085,-0.275,0.912,0.610,3.601,0.732
0.080,-0.258,0.916,1.709,3.296,0.671
0.080,-0.250,0.926,3.418,4.028,0.671
0.078,-0.249,0.937,5.615,5.554,1.038
0.083,-0.259,0.945,7.385,7.324,1.770
0.090,-0.266,0.957,8.179,8.606,2.441
0.094,-0.276,0.960,7.324,8.972,3.113
0.099,-0.282,0.960,5.005,7.874,2.930
0.101,-0.282,0.953,2.808,6.165,2.075
0.772,0.420,1.448,28.931,0.488,-9.460
0.986,0.524,1.610,31.860,-3.479,-7.690
1.218,0.609,1.755,34.668,-8.240,-5.127
1.446,0.676,1.920,36.194,-14.404,-1.343
1.638,0.749,2.081,36.987,-21.118,5.981
1.829,0.879,2.205,33.569,-24.841,18.127
1.962,0.974,2.231,23.926,-23.315,34.668
1.997,1.054,2.148,9.460,-18.494,56.458
1.896,1.146,2.029,-4.089,-16.602,80.872
1.698,1.239,1.877,-18.433,-17.212,101.440
1.495,1.372,1.728,-37.109,-19.775,111.572
1.200,1.468,1.533,-59.814,-24.170,112.854
0.846,1.583,1.300,-83.740,-30.090,107.056
0.440,1.653,1.031,-104.248,-36.072,93.323
-0.046,1.621,0.772,-119.263,-44.006,76.782
-0.659,1.492,0.484,-126.465,-54.260,60.730
-1.324,1.300,0.204,-124.939,-64.758,37.659
-1.995,1.008,-0.181,-118.774,-75.317,3.418
-2.717,0.573,-0.478,-103.943,-88.013,-42.908
-3.162,-0.067,-0.832,-62.500,-76.294,-95.520
-3.507,-0.931,-1.121,12.695,-59.753,-155.273
-3.437,-2.228,-1.353,100.220,-26.550,-221.558
-2.982,-3.872,-1.409,177.551,-2.502,-279.663
-2.348,-4.000,-0.994,244.141,-8.484,-314.453
-1.437,-4.000,0.027,288.574,-25.269,-326.477
-0.151,-4.000,1.172,284.180,-30.457,-306.091
1.135,-4.000,1.841,224.121,10.864,-238.037
1.790,-4.000,1.817,143.311,82.886,-118.042
1.351,-4.000,1.205,54.077,143.677,43.091
0.226,-3.970,0.225,-41.504,145.813,191.650
-0.953,-2.942,-0.333,-127.136,68.420,258.362
-1.698,-2.257,-0.393,-163.452,-41.992,242.981
-2.042,-1.840,-0.189,-160.217,-121.216,198.730
-2.161,-1.541,0.028,-136.658,-139.343,168.457
-2.053,-1.412,0.217,-89.478,-101.196,157.837
-1.849,-1.290,0.272,-37.842,-39.856,158.447
-1.658,-1.050,0.202,-8.423,10.742,162.537
-1.504,-0.698,0.077,-2.319,31.433,158.386
-1.327,-0.336,-0.019,-9.644,25.085,137.146
-1.101,-0.051,-0.005,-18.982,3.113,102.844
-0.877,0.181,0.104,-22.034,-17.273,70.190
-0.641,0.430,0.243,-17.517,-26.794,46.753
-0.399,0.693,0.400,-5.676,-25.208,30.640
-0.141,1.023,0.611,10.071,-16.418,18.860
0.104,1.265,0.781,25.818,-4.578,6.531
0.234,1.347,0.886,37.842,3.784,-4.883
0.275,1.261,0.983,46.326,6.104,-15.320
0.286,1.033,1.112,53.955,6.104,-26.123
0.278,0.841,1.274,56.641,5.615,-35.278
0.287,0.688,1.425,51.392,4.944,-42.725
0.478,0.653,1.616,44.006,7.263,-49.927
0.688,0.681,1.784,37.048,15.930,-52.307
0.788,0.712,1.822,29.053,28.503,-46.082
0.830,0.760,1.722,23.926,40.833,-38.513
0.872,0.714,1.587,24.109,50.293,-37.415
0.896,0.544,1.505,27.344,50.110,-40.344
0.900,0.313,1.482,29.358,41.382,-42.603
0.882,0.079,1.466,25.635,30.579,-42.358
0.859,-0.109,1.446,17.151,21.667,-39.795
0.831,-0.240,1.416,6.409,16.113,-33.508
0.783,-0.290,1.384,-3.235,11.169,-23.621
0.708,-0.302,1.325,-11.963,5.615,-12.878
0.715,-0.301,1.267,-18.738,0.549,-3.357
0.582,-0.313,1.191,-20.569,-7.874,4.395
0.512,-0.324,1.152,-18.677,-13.184,8.728
0.374,-0.332,1.125,-19.226,-26.489,12.695
0.257,-0.340,1.107,-20.630,-30.457,15.076
0.160,-0.324,1.105,-21.912,-31.677,15.808
0.062,-0.307,1.098,-24.109,-31.433,16.785
0.021,-0.294,1.084,-26.184,-27.649,18.799
0.018,-0.261,1.062,-27.893,-21.301,21.851
0.015,-0.222,1.016,-29.175,-12.878,25.879
0.013,-0.182,0.949,-29.846,-5.859,28.931
0.008,-0.146,0.873,-30.029,-1.465,29.236
0.001,-0.131,0.797,-30.151,-0.977,27.771
-0.000,-0.126,0.759,-28.870,-3.662,25.635
-0.010,-0.140,0.762,-26.001,-6.897,23.682
-0.032,-0.137,0.788,-21.729,-8.545,22.522
-0.047,-0.129,0.798,-17.334,-6.775,21.057
-0.038,-0.119,0.798,-12.878,-3.235,18.860
-0.030,-0.124,0.802,-9.155,-0.977,17.517
-0.022,-0.143,0.827,-6.470,-0.183,17.151
-0.032,-0.149,0.842,-5.859,1.526,17.578
-0.036,-0.145,0.847,-5.798,3.784,18.250
-0.038,-0.142,0.840,-4.639,6.042,17.395
-0.037,-0.142,0.834,-3.174,7.935,16.113
-0.031,-0.147,0.841,-0.183,7.568,13.794
-0.028,-0.146,0.867,2.747,5.981,10.681
-0.021,-0.157,0.890,5.066,4.578,7.141
0.007,-0.178,0.911,6.958,4.333,3.357
0.035,-0.203,0.926,8.362,5.310,1.404
0.049,-0.208,0.936,9.827,7.263,2.197
0.051,-0.219,0.931,10.437,10.376,4.211
0.061,-0.225,0.937,11.047,13.611,6.165
0.042,-0.216,0.942,11.292,15.320,7.263
0.046,-0.222,0.938,10.376,15.503,6.592
0.055,-0.228,0.941,9.277,14.160,3.601
0.079,-0.265,0.951,7.812,10.315,0.549
0.088,-0.295,0.970,6.042,6.042,-1.099
0.106,-0.309,0.972,4.150,3.235,-1.465
0.116,-0.314,0.965,2.441,1.770,-1.160
0.114,-0.314,0.954,1.587,1.526,-0.610
0.105,-0.318,0.950,1.038,0.793,-0.366
0.095,-0.324,0.955,0.305,0.061,-0.610
0.085,-0.323,0.963,-0.061,0.671,-0.671
0.075,-0.322,0.966,-0.793,1.892,-0.366
0.070,-0.316,0.958,-1.404,3.296,-0.122
0.066,-0.299,0.948,-1.953,4.211,-0.549
0.062,-0.282,0.932,-2.380,4.028,-0.854
0.057,-0.266,0.911,-3.235,3.479,-1.465
0.057,-0.259,0.889,-3.174,2.808,-2.014
0.059,-0.253,0.880,-1.892,1.709,-2.625
0.054,-0.261,0.891,0.244,0.244,-2.808
0.056,-0.282,0.912,2.014,-1.526,-2.930
0.067,-0.306,0.941,2.808,-2.808,-3.357
0.076,-0.312,0.964,2.625,-3.174,-3.052
0.076,-0.307,0.969,2.258,-2.625,-1.709
0.080,-0.292,0.967,2.319,-0.732,-0.488
0.084,-0.285,0.954,3.296,1.160,-0.183
0.676,0.245,1.482,18.616,5.615,11.353
0.812,0.372,1.577,19.775,3.052,12.939
0.919,0.510,1.668,18.616,-1.648,15.991
0.976,0.708,1.758,14.343,-7.812,23.987
0.997,0.950,1.795,9.521,-11.597,35.889
1.058,1.224,1.776,6.409,-11.536,47.302
1.178,1.517,1.744,7.568,-9.033,58.105
1.294,1.785,1.699,12.756,-6.531,69.458
1.366,2.005,1.618,18.250,-6.592,80.872
1.339,2.159,1.495,16.357,-12.817,88.135
1.199,2.260,1.379,4.639,-29.175,89.905
0.977,2.314,1.288,-14.160,-53.589,82.764
0.692,2.331,1.248,-34.546,-79.224,68.298
0.280,2.310,1.205,-54.138,-98.389,53.772
-0.291,2.300,1.111,-69.214,-108.093,37.964
-0.900,2.151,0.985,-74.341,-106.812,11.780
-1.430,1.779,0.791,-69.397,-99.976,-28.931
-1.902,1.235,0.545,-63.354,-94.971,-74.280
-2.339,0.557,0.203,-57.800,-96.069,-112.793
-2.959,-0.327,-0.171,-42.236,-103.699,-148.804
-3.408,-1.309,-0.502,-0.610,-86.975,-189.636
-3.717,-2.373,-0.718,53.528,-79.346,-242.432
-3.746,-3.776,-0.901,109.192,-54.016,-298.401
-3.527,-4.000,-0.853,172.241,-26.306,-348.877
-2.737,-4.000,-0.322,247.559,2.197,-388.123
-1.265,-4.000,0.570,299.377,56.580,-397.339
0.892,-4.000,1.077,289.062,159.668,-346.985
2.856,-4.000,0.803,243.286,300.781,-238.159
3.712,-4.000,0.050,192.017,419.434,-58.899
3.006,-4.000,-0.977,114.685,432.068,167.358
1.206,-2.750,-1.549,13.855,294.678,340.698
-0.520,-1.929,-1.367,-53.162,57.495,373.657
-1.647,-1.830,-0.530,-85.938,-171.082,298.035
-2.129,-1.925,0.184,-130.554,-307.922,207.458
-2.373,-1.807,0.504,-173.157,-325.989,168.091
-2.514,-1.528,0.605,-162.109,-251.831,171.143
-2.552,-1.240,0.560,-111.572,-143.494,179.077
-2.416,-0.996,0.398,-60.303,-44.067,176.208
-2.174,-0.826,0.162,-26.367,14.709,158.325
-1.791,-0.847,-0.009,-8.423,27.344,127.930
-1.500,-0.827,-0.001,-3.357,8.850,100.891
-1.305,-0.718,0.078,-4.700,-16.479,83.984
-1.150,-0.535,0.238,-3.906,-33.630,71.960
-1.006,-0.357,0.411,-1.404,-34.729,65.002
-0.905,-0.071,0.536,-2.319,-25.391,59.631
-0.750,0.285,0.650,-2.686,-13.733,48.706
-0.558,0.559,0.742,-1.587,-4.395,29.114
-0.354,0.721,0.808,2.014,2.563,7.446
-0.192,0.793,0.903,8.545,6.287,-9.521
-0.085,0.745,0.976,13.977,10.254,-23.804
0.021,0.650,1.042,17.395,14.221,-37.903
0.156,0.589,1.123,17.517,17.334,-49.805
0.335,0.653,1.199,14.893,17.700,-57.678
0.565,0.840,1.315,13.611,17.029,-63.049
0.725,0.912,1.407,17.273,22.949,-65.308
0.831,0.895,1.439,27.954,35.461,-65.735
0.912,0.808,1.426,39.673,51.086,-65.430
0.935,0.654,1.459,48.340,59.082,-65.308
0.928,0.461,1.508,52.612,57.373,-68.237
0.975,0.239,1.542,47.241,53.162,-73.547
1.057,0.035,1.542,36.316,48.462,-74.341
1.064,-0.047,1.498,23.560,43.396,-63.416
1.015,-0.041,1.411,10.986,39.551,-45.715
0.972,0.000,1.293,0.793,34.912,-31.006
0.944,0.022,1.165,-7.690,24.475,-20.874
0.864,0.010,1.055,-11.292,5.493,-13.367
0.768,0.022,1.096,-6.470,-12.451,-8.667
0.652,-0.023,1.153,1.160,-28.809,-2.686
0.526,-0.066,1.292,6.226,-42.175,0.732
0.424,-0.139,1.371,8.423,-44.067,2.197
0.360,-0.217,1.427,6.775,-39.001,4.272
0.264,-0.256,1.453,0.549,-35.767,10.376
0.175,-0.278,1.420,-8.728,-31.677,17.151
0.108,-0.276,1.353,-18.677,-25.513,20.874
0.070,-0.285,1.271,-27.344,-20.935,22.034
0.047,-0.276,1.161,-33.936,-17.578,21.667
0.026,-0.255,1.033,-36.682,-14.099,20.874
0.005,-0.243,0.918,-33.875,-10.925,18.860
0.000,-0.248,0.823,-29.419,-7.751,15.930
-0.003,-0.272,0.751,-25.574,-5.981,13.123
0.014,-0.317,0.712,-21.912,-5.432,11.536
0.015,-0.336,0.700,-18.921,-4.456,13.062
0.001,-0.325,0.683,-18.188,-2.563,16.113
0.004,-0.300,0.665,-17.456,-0.671,17.090
0.001,-0.282,0.671,-15.381,0.244,16.724
-0.005,-0.267,0.684,-11.597,0.549,15.808
-0.020,-0.261,0.716,-6.592,0.122,13.916
-0.040,-0.260,0.762,-1.526,-0.671,11.719
-0.058,-0.277,0.823,3.113,-0.671,9.338
-0.066,-0.298,0.874,6.714,0.549,7.385
-0.069,-0.303,0.910,8.789,2.441,6.287
-0.054,-0.319,0.937,9.338,4.700,5.371
-0.040,-0.310,0.964,8.850,6.042,5.005
-0.027,-0.290,0.966,6.714,6.897,5.188
-0.015,-0.265,0.954,4.639,7.446,3.906
0.009,-0.250,0.943,2.991,6.348,2.136
0.021,-0.245,0.942,2.258,4.761,0.610
0.024,-0.244,0.948,2.136,3.601,-0.488
0.030,-0.260,0.948,2.014,2.930,-1.343
0.044,-0.279,0.953,1.953,2.380,-2.991
0.063,-0.317,0.965,1.770,1.770,-4.456
0.084,-0.362,0.984,0.854,1.770,-4.578
0.093,-0.379,0.990,-0.610,2.197,-2.441
0.089,-0.370,0.982,-2.747,4.089,0.305
0.081,-0.347,0.966,-4.456,5.554,2.075
0.079,-0.336,0.946,-5.676,5.981,2.930
0.071,-0.320,0.934,-6.836,5.676,2.808
0.063,-0.297,0.918,-7.751,4.822,1.831
0.058,-0.292,0.909,-8.057,3.296,0.366
0.065,-0.294,0.903,-6.958,1.587,-1.465
0.068,-0.301,0.889,-5.310,1.404,-2.075
0.071,-0.314,0.881,-3.174,2.625,-1.404
0.081,-0.332,0.883,-0.488,4.700,-0.122
0.081,-0.337,0.893,1.160,6.714,2.808
0.072,-0.332,0.894,1.770,8.362,5.859
0.073,-0.328,0.896,1.343,8.972,6.836
0.074,-0.322,0.898,0.061,7.507,6.348
0.074,-0.317,0.906,-0.427,5.615,5.859
0.069,-0.316,0.918,0.000,4.333,5.615
0.902,0.475,1.501,16.541,4.944,22.583
1.134,0.609,1.638,20.630,-0.488,21.912
1.385,0.699,1.775,27.832,-7.568,22.339
1.635,0.778,1.893,34.851,-15.930,26.001
1.842,0.865,1.984,38.208,-25.330,34.058
1.925,0.927,1.972,38.696,-36.011,47.729
2.046,1.066,1.937,35.400,-41.809,65.857
2.120,1.195,1.772,29.968,-35.583,85.754
2.081,1.368,1.588,21.667,-31.555,115.112
1.826,1.652,1.454,8.179,-32.471,150.452
1.426,2.068,1.348,-14.893,-37.231,186.096
0.859,2.625,1.240,-45.898,-46.082,213.440
0.131,3.323,0.993,-85.449,-60.730,217.041
-0.697,3.890,0.635,-124.451,-84.045,183.472
-1.587,4.000,0.199,-142.700,-107.849,110.535
-2.667,4.000,-0.141,-129.822,-134.338,19.592
-3.863,3.735,-0.378,-78.430,-153.015,-74.829
-4.000,2.280,-0.648,8.301,-138.184,-170.959
-4.000,-0.114,-0.850,98.938,-85.388,-261.658
-4.000,-3.064,-1.326,159.424,-2.930,-327.881
-4.000,-4.000,-1.820,197.815,46.692,-381.653
-3.963,-4.000,-1.954,223.206,60.547,-431.152
-3.160,-4.000,-1.529,232.178,25.391,-473.633
-1.056,-4.000,0.679,274.292,-61.035,-506.287
2.036,-4.000,2.549,283.508,-49.438,-456.360
4.000,-4.000,1.930,210.632,131.958,-251.953
3.578,-4.000,0.224,129.272,325.684,70.129
1.136,-3.990,-1.578,44.800,365.295,351.990
-0.997,-2.547,-2.056,-32.776,201.477,428.772
-1.948,-2.040,-1.270,-101.196,-51.697,332.092
-2.359,-1.831,-0.488,-171.631,-230.591,232.910
-2.650,-1.272,-0.017,-201.050,-264.893,208.740
-2.700,-0.876,0.214,-156.921,-198.364,211.365
-2.467,-0.773,0.234,-90.515,-113.342,199.585
-2.209,-0.752,0.156,-48.645,-64.270,178.833
-1.916,-0.781,0.105,-33.264,-49.377,151.489
-1.586,-0.745,0.131,-32.043,-51.086,125.854
-1.399,-0.596,0.199,-32.288,-54.443,111.938
-1.283,-0.395,0.303,-26.855,-49.072,105.530
-1.123,-0.151,0.395,-17.700,-38.757,96.741
-0.917,0.061,0.469,-8.057,-31.738,81.665
-0.755,0.248,0.577,-2.319,-29.968,63.171
-0.603,0.401,0.727,0.183,-31.067,42.969
-0.452,0.478,0.908,2.441,-30.945,23.132
-0.328,0.512,1.036,4.639,-23.682,8.850
-0.220,0.517,1.132,7.812,-9.888,1.038
-0.121,0.510,1.205,9.460,5.249,-2.625
-0.046,0.490,1.237,7.629,18.555,-6.714
0.032,0.562,1.292,1.831,26.978,-10.925
0.150,0.702,1.377,-2.563,34.119,-18.677
0.238,0.735,1.406,-2.869,42.358,-28.503
0.356,0.709,1.417,1.160,52.307,-36.255
0.451,0.663,1.414,8.240,66.040,-39.063
0.477,0.612,1.400,12.024,77.087,-37.659
0.475,0.576,1.380,11.292,79.712,-40.955
0.516,0.486,1.398,8.606,75.562,-51.392
0.559,0.368,1.422,3.174,68.176,-61.584
0.602,0.240,1.448,-5.310,61.707,-64.392
0.622,0.236,1.420,-12.451,59.448,-57.739
0.652,0.241,1.300,-17.639,59.204,-47.363
0.686,0.261,1.172,-19.104,55.115,-39.429
0.730,0.292,1.027,-17.395,44.861,-35.522
0.779,0.288,0.926,-13.916,28.564,-36.133
0.799,0.234,0.927,-7.690,10.254,-37.292
0.776,0.133,1.010,-0.488,-5.798,-33.752
0.683,0.089,1.083,2.319,-16.235,-23.865
0.569,0.054,1.135,1.099,-21.973,-12.085
0.474,-0.023,1.157,-1.160,-25.024,-4.395
0.398,-0.106,1.198,-7.385,-28.809,0.610
0.314,-0.159,1.206,-16.296,-31.860,5.066
0.266,-0.190,1.178,-24.536,-33.997,6.165
0.223,-0.205,1.126,-29.785,-34.912,5.493
0.179,-0.203,1.059,-29.907,-32.166,5.920
0.123,-0.206,0.993,-24.475,-24.902,7.935
0.086,-0.218,0.932,-16.724,-16.235,9.766
0.059,-0.243,0.872,-10.193,-9.094,10.315
0.061,-0.299,0.829,-6.836,-5.676,9.583
0.067,-0.349,0.801,-6.714,-3.540,10.254
0.058,-0.345,0.783,-9.583,-2.563,13.184
0.027,-0.319,0.763,-13.611,-2.197,16.174
0.009,-0.292,0.746,-14.343,-1.099,17.273
0.010,-0.275,0.753,-11.108,0.122,18.494
0.001,-0.263,0.788,-5.249,1.404,19.104
-0.005,-0.260,0.828,-0.549,2.747,18.188
-0.009,-0.265,0.875,1.709,2.625,15.991
-0.007,-0.277,0.912,2.625,2.380,13.245
-0.013,-0.282,0.937,2.441,3.296,11.108
-0.015,-0.288,0.945,2.502,5.310,10.071
-0.002,-0.303,0.962,3.418,7.751,9.705
0.004,-0.310,0.974,3.235,10.681,10.376
0.001,-0.286,0.958,2.197,13.611,11.902
0.010,-0.282,0.937,0.488,15.686,12.207
0.029,-0.283,0.922,-0.061,15.259,10.681
0.044,-0.279,0.909,-0.488,12.634,8.545
0.054,-0.268,0.899,-1.038,9.277,5.859
0.051,-0.251,0.905,-0.671,5.737,3.479
0.041,-0.248,0.921,0.671,3.601,1.587
0.053,-0.271,0.942,1.892,2.197,-0.061
0.078,-0.304,0.975,2.747,1.465,-1.648
0.102,-0.331,1.000,1.770,1.648,-1.404
0.112,-0.338,1.003,-0.427,2.808,0.061
0.110,-0.323,0.994,-2.686,4.639,2.014
0.098,-0.309,0.966,-4.822,6.958,4.272
0.087,-0.298,0.930,-7.141,8.362,5.432
0.082,-0.283,0.903,-8.728,7.324,4.883
0.085,-0.275,0.884,-9.705,5.310,3.174
0.077,-0.259,0.870,-9.155,3.357,1.648
0.066,-0.233,0.852,-7.019,3.235,0.671
0.062,-0.230,0.844,-3.296,3.296,-0.427
0.071,-0.259,0.858,0.061,2.380,-1.587
0.101,-0.317,0.887,1.648,1.038,-1.892
0.105,-0.333,0.912,1.099,0.671,0.977
0.089,-0.306,0.914,-0.366,2.075,5.066
0.060,-0.280,0.913,-1.465,3.784,7.385
0.038,-0.264,0.906,-1.343,4.395,7.629
0.029,-0.261,0.906,0.549,5.005,6.104
0.028,-0.269,0.918,3.113,5.127,4.395
0.034,-0.280,0.937,5.188,4.578,2.808
0.047,-0.294,0.953,6.653,4.089,1.221
0.750,0.518,1.348,20.020,-3.052,8.606
0.906,0.606,1.483,21.179,-7.263,11.536
1.045,0.682,1.632,21.362,-12.939,14.893
1.175,0.795,1.799,19.775,-19.409,21.057
1.307,1.003,1.961,15.381,-24.414,30.090
1.472,1.303,2.111,10.803,-27.283,40.344
1.613,1.557,2.143,6.958,-26.062,51.636
1.635,1.696,2.085,1.770,-24.597,66.284
1.595,1.772,1.962,-2.197,-25.940,80.261
1.497,1.797,1.813,-7.812,-29.053,86.487
1.359,1.815,1.648,-17.700,-35.339,85.022
1.204,1.793,1.484,-33.508,-44.678,75.256
1.037,1.654,1.341,-54.138,-56.763,59.082
0.791,1.572,1.214,-76.965,-67.139,47.119
0.446,1.436,1.059,-95.154,-72.021,38.574
-0.010,1.187,0.899,-105.225,-69.519,27.710
-0.559,0.772,0.661,-111.267,-61.646,12.573
-1.193,0.207,0.300,-115.967,-57.312,-11.963
-1.881,-0.489,-0.039,-106.323,-66.956,-42.542
-2.397,-1.326,-0.234,-74.524,-81.726,-78.430
-2.564,-2.071,-0.145,-20.508,-71.777,-102.051
-2.886,-2.854,-0.282,31.067,-42.053,-120.728
-2.967,-3.602,-0.432,72.571,-1.526,-154.663
-2.436,-4.000,-0.394,138.672,34.180,-210.144
-1.603,-4.000,-0.086,183.716,63.171,-251.709
-0.683,-4.000,0.189,175.110,64.880,-241.760
0.174,-4.000,0.292,128.174,51.331,-197.937
0.578,-4.000,0.536,87.585,32.471,-116.760
0.236,-4.000,0.657,43.335,11.841,-8.423
-0.372,-3.760,0.515,-13.672,-10.315,76.965
-1.075,-3.295,0.286,-65.247,-38.208,122.742
-1.748,-2.753,0.174,-103.516,-66.589,151.428
-2.236,-2.219,0.132,-119.324,-80.811,167.542
-2.404,-1.856,0.097,-112.183,-74.524,164.246
-2.326,-1.684,0.078,-85.999,-52.551,149.414
-2.097,-1.568,0.020,-52.551,-24.170,135.071
-1.861,-1.411,-0.063,-27.100,-2.014,125.183
-1.672,-1.121,-0.137,-14.343,6.470,115.845
-1.470,-0.777,-0.169,-9.949,2.991,98.633
-1.234,-0.473,-0.142,-7.019,-5.981,72.998
-0.954,-0.130,-0.031,-0.244,-12.512,48.401
-0.666,0.299,0.090,10.498,-10.864,30.212
-0.401,0.773,0.215,24.353,-0.305,14.282
-0.163,1.108,0.387,40.833,13.123,-3.296
-0.009,1.331,0.611,58.350,22.278,-23.682
0.141,1.446,0.810,70.435,27.771,-50.537
0.369,1.376,0.981,79.224,32.227,-81.604
0.631,1.240,1.235,84.961,34.302,-106.323
0.874,1.119,1.488,84.961,38.208,-119.019
1.068,0.927,1.630,81.116,52.734,-119.995
1.236,0.741,1.631,77.942,75.378,-110.779
1.319,0.643,1.599,74.280,96.985,-96.130
1.368,0.608,1.531,65.002,103.699,-85.205
1.415,0.571,1.454,50.171,91.858,-85.022
1.441,0.507,1.455,39.917,69.153,-87.097
1.398,0.412,1.528,36.316,44.800,-85.083
1.321,0.290,1.587,38.147,26.001,-79.773
1.278,0.060,1.591,39.856,16.113,-71.106
1.256,-0.144,1.599,38.574,13.123,-53.589
1.136,-0.239,1.616,29.907,8.972,-25.574
0.955,-0.244,1.596,16.418,1.038,-0.122
0.808,-0.235,1.579,4.211,-9.888,13.123
0.660,-0.231,1.590,-3.662,-21.301,18.433
0.548,-0.239,1.613,-8.972,-29.846,19.226
0.451,-0.256,1.568,-14.709,-32.837,18.433
0.348,-0.295,1.492,-17.822,-26.123,17.822
0.285,-0.340,1.417,-21.118,-24.597,16.663
0.246,-0.409,1.314,-27.649,-20.569,19.470
0.207,-0.421,1.209,-35.400,-16.113,25.024
0.151,-0.380,1.114,-41.809,-12.146,33.569
0.104,-0.326,1.028,-45.532,-8.118,40.771
0.061,-0.279,0.945,-46.265,-3.967,44.312
0.024,-0.232,0.855,-45.288,-2.014,44.067
0.000,-0.191,0.787,-42.664,-3.052,40.955
-0.019,-0.171,0.750,-39.978,-5.371,36.926
-0.046,-0.177,0.717,-37.292,-8.240,33.203
-0.024,-0.233,0.709,-34.485,-10.254,30.518
-0.030,-0.250,0.716,-33.508,-11.414,31.433
-0.055,-0.232,0.721,-33.264,-11.108,34.302
-0.058,-0.218,0.738,-30.029,-9.460,34.912
-0.076,-0.210,0.737,-27.344,-7.263,34.912
-0.099,-0.190,0.722,-24.658,-6.104,34.851
-0.120,-0.156,0.711,-20.264,-6.592,33.325
-0.126,-0.128,0.724,-14.160,-8.850,29.480
-0.117,-0.145,0.761,-6.836,-10.254,24.170
-0.100,-0.185,0.813,-0.854,-9.827,20.081
-0.075,-0.237,0.865,2.930,-7.996,18.433
-0.063,-0.260,0.910,2.930,-6.104,18.616
-0.038,-0.297,0.949,1.099,-3.296,18.433
-0.028,-0.314,0.997,-1.770,-0.793,19.287
-0.028,-0.312,1.027,-5.005,0.610,20.081
-0.026,-0.291,1.048,-7.629,1.648,19.165
-0.017,-0.271,1.037,-8.972,3.784,17.517
0.013,-0.260,1.012,-9.338,5.615,15.625
0.038,-0.246,0.994,-8.545,5.981,13.550
0.061,-0.247,0.981,-6.409,5.859,11.597
0.085,-0.252,0.983,-5.005,5.737,10.254
0.079,-0.257,0.989,-4.639,5.005,9.888
0.089,-0.291,0.985,-4.883,5.066,9.094
0.088,-0.310,1.001,-6.287,5.066,9.705
0.081,-0.311,0.998,-8.911,6.287,11.963
0.074,-0.291,0.975,-12.817,6.653,14.099
0.073,-0.266,0.926,-15.381,6.165,14.954
0.073,-0.235,0.889,-16.724,4.761,15.259
0.066,-0.203,0.857,-15.564,2.197,15.137
0.053,-0.171,0.845,-11.841,0.122,14.099
0.038,-0.160,0.853,-6.470,-0.977,11.841
0.026,-0.170,0.869,-0.854,-0.854,9.155
0.023,-0.203,0.898,3.235,-0.244,6.775
0.028,-0.256,0.934,4.822,0.000,5.432
0.041,-0.299,0.968,3.174,0.854,6.348
0.024,-0.281,0.977,-1.404,1.465,9.216
0.030,-0.244,0.957,-6.104,2.563,10.254
0.035,-0.216,0.923,-7.874,3.540,9.949
0.039,-0.187,0.891,-5.798,3.479,10.315
0.030,-0.165,0.878,-1.160,1.587,9.399
0.022,-0.169,0.895,3.906,-1.465,6.958
0.013,-0.192,0.931,7.629,-4.089,3.723
0.015,-0.221,0.964,9.460,-5.127,0.732
